reseau;code;nom_affiche;station;departement
ESF;esf-101;ESF Abondance;Abondance;74
ESF;esf-104;ESF Abriès (HAUT GUIL);Abriès (HAUT GUIL);54
ESF;esf-107;ESF Les Agudes;Les Agudes;31
ESF;esf-113;ESF Les Aillons;Les Aillons;73
ESF;esf-116;ESF Aime La Plagne;Aime La Plagne;73
ESF;esf-119;ESF Albiez Montrond;Albiez Montrond;73
ESF;esf-122;ESF Allos le Seignus;Allos le Seignus;42
ESF;esf-125;ESF L'Alpe d'Huez;L'Alpe d'Huez;38
ESF;esf-128;ESF Alpe du Grand Serre;Alpe du Grand Serre;38
ESF;esf-102;ESF Amneville;Amneville;57
ESF;esf-131;ESF Ancelle;Ancelle;52
ESF;esf-134;ESF Les Angles;Les Angles;66
ESF;esf-137;ESF Annecy Semnoz;Annecy Semnoz;74
ESF;esf-140;ESF Araches les Carroz;Araches les Carroz;74
ESF;esf-142;ESF Arcs 1600;Arcs 1600;73
ESF;esf-143;ESF Arcs 1800;Arcs 1800;73
ESF;esf-144;ESF Arcs 2000;Arcs 2000;73
ESF;esf-146;ESF Arêches;Arêches;73
ESF;esf-152;ESF Argentière;Argentière;74
ESF;esf-212;ESF Arvieux;Arvieux;53
ESF;esf-164;ESF Auris en Oisans;Auris en Oisans;38
ESF;esf-167;ESF Auron;Auron;66
ESF;esf-170;ESF Aussois;Aussois;73
ESF;esf-173;ESF Autrans;Autrans;38
ESF;esf-176;ESF Avoriaz;Avoriaz;74
ESF;esf-179;ESF Ax;Ax;91
ESF;esf-181;ESF Ballon d'Alsace;Ballon d'Alsace;90
ESF;esf-182;ESF Barèges;Barèges;65
ESF;esf-187;ESF Belle Plagne;Belle Plagne;73
ESF;esf-185;ESF Bellefontaine;Bellefontaine;39
ESF;esf-188;ESF Bellevaux;Bellevaux;74
ESF;esf-191;ESF Bernex;Bernex;74
ESF;esf-193;ESF Bessans;Bessans;73
ESF;esf-200;ESF Bonneval sur Arc;Bonneval sur Arc;73
ESF;esf-206;ESF Les Brasses;Les Brasses;74
ESF;esf-209;ESF La Bresse;La Bresse;88
ESF;esf-215;ESF Bussang;Bussang;88
ESF;esf-224;ESF Cauterets;Cauterets;65
ESF;esf-227;ESF Ceillac;Ceillac;56
ESF;esf-233;ESF Chabanon;Chabanon;41
ESF;esf-236;ESF Chaillol 1600;Chaillol 1600;52
ESF;esf-239;ESF Chalmazel;Chalmazel;42
ESF;esf-242;ESF Chamonix;Chamonix;74
ESF;esf-248;ESF Champ du Feu;Champ du Feu;67
ESF;esf-245;ESF Champagny en Vanoise;Champagny en Vanoise;73
ESF;esf-251;ESF Chamrousse;Chamrousse;38
ESF;esf-254;ESF La Chapelle d'Abondance;La Chapelle d'Abondance;74
ESF;esf-257;ESF Chastreix Sancy;Chastreix Sancy;63
ESF;esf-260;ESF Châtel;Châtel;74
ESF;esf-263;ESF La Clusaz;La Clusaz;74
ESF;esf-269;ESF Col d'Ornon;Col d'Ornon;38
ESF;esf-275;ESF Col de Rousset;Col de Rousset;26
ESF;esf-281;ESF Collet d'Allevard;Collet d'Allevard;38
ESF;esf-284;ESF La Colmiane;La Colmiane;64
ESF;esf-287;ESF Combloux;Combloux;74
ESF;esf-290;ESF Les Contamines;Les Contamines;74
ESF;esf-293;ESF Le Corbier;Le Corbier;73
ESF;esf-296;ESF Cordon;Cordon;74
ESF;esf-299;ESF Corrençon;Corrençon;38
ESF;esf-302;ESF Courchevel 1550;Courchevel 1550;73
ESF;esf-305;ESF Courchevel 1650;Courchevel 1650;73
ESF;esf-308;ESF Courchevel 1850;Courchevel 1850;73
ESF;esf-311;ESF Crest Voland;Crest Voland;73
ESF;esf-312;ESF Crévoux;Crévoux;52
ESF;esf-313;ESF La Croix de Bauzon;La Croix de Bauzon;74
ESF;esf-587;ESF De Chartreuse;De Chartreuse;38
ESF;esf-314;ESF Les Deux Alpes;Les Deux Alpes;38
ESF;esf-644;ESF Dévoluy;Dévoluy;52
ESF;esf-300;ESF Eyne Cambre d'Aze;Eyne Cambre d'Aze;66
ESF;esf-317;ESF La Féclaz;La Féclaz;73
ESF;esf-320;ESF Flaine;Flaine;74
ESF;esf-325;ESF Foncine le Haut;Foncine le Haut;39
ESF;esf-326;ESF Font d'Urle;Font d'Urle;26
ESF;esf-329;ESF Font-Romeu;Font-Romeu;66
ESF;esf-331;ESF Formiguères;Formiguères;66
ESF;esf-334;ESF Les Fourgs;Les Fourgs;25
ESF;esf-335;ESF La Foux d'Allos;La Foux d'Allos;42
ESF;esf-341;ESF Gavarnie;Gavarnie;65
ESF;esf-344;ESF Gérardmer;Gérardmer;88
ESF;esf-347;ESF Les Gets;Les Gets;74
ESF;esf-348;ESF Ghisoni;Ghisoni;20
ESF;esf-350;ESF La Giettaz;La Giettaz;73
ESF;esf-353;ESF Gourette;Gourette;64
ESF;esf-356;ESF Le Grand Bornand;Le Grand Bornand;74
ESF;esf-362;ESF La Grave;La Grave;53
ESF;esf-365;ESF Gréolières les Neiges;Gréolières les Neiges;66
ESF;esf-368;ESF Gresse en Vercors;Gresse en Vercors;38
ESF;esf-371;ESF Guzet Neige;Guzet Neige;91
ESF;esf-380;ESF Haut Jura;Haut Jura;39
ESF;esf-374;ESF Hautacam;Hautacam;65
ESF;esf-377;ESF Hauteville;Hauteville;11
ESF;esf-383;ESF Les Houches;Les Houches;74
ESF;esf-386;ESF Isola 2000;Isola 2000;64
ESF;esf-389;ESF Les Karellis;Les Karellis;73
ESF;esf-199;ESF Lac Blanc;Lac Blanc;68
ESF;esf-390;ESF Laguiole;Laguiole;12
ESF;esf-392;ESF Lamoura;Lamoura;39
ESF;esf-395;ESF Lans en Vercors;Lans en Vercors;38
ESF;esf-398;ESF Lélex-Crozet;Lélex-Crozet;14
ESF;esf-647;ESF Le Lioran;Le Lioran;15
ESF;esf-638;ESF Luchon-Superbagnères;Luchon-Superbagnères;31
ESF;esf-402;ESF Lure Saint Etienne les Orgues;Lure Saint Etienne les Orgues;42
ESF;esf-404;ESF Luz Ardiden;Luz Ardiden;65
ESF;esf-407;ESF Manigod;Manigod;74
ESF;esf-410;ESF Markstein;Markstein;68
ESF;esf-411;ESF Massif du Mézenc;Massif du Mézenc;43
ESF;esf-413;ESF Méaudre;Méaudre;38
ESF;esf-416;ESF Megève;Megève;74
ESF;esf-419;ESF Les Menuires;Les Menuires;73
ESF;esf-422;ESF Méribel les Allues;Méribel les Allues;73
ESF;esf-425;ESF Métabief;Métabief;25
ESF;esf-428;ESF Mijoux la Faucille;Mijoux la Faucille;11
ESF;esf-434;ESF Molines Saint Véran;Molines Saint Véran;53
ESF;esf-440;ESF La Mongie;La Mongie;65
ESF;esf-522;ESF Mont Aigoual;Mont Aigoual;30
ESF;esf-452;ESF Le Mont Dore;Le Mont Dore;63
ESF;esf-461;ESF Mont Saxonnex;Mont Saxonnex;74
ESF;esf-464;ESF Mont Ventoux;Mont Ventoux;84
ESF;esf-444;ESF Montalbert;Montalbert;73
ESF;esf-264;ESF Montchavin-Les Coches;Montchavin-Les Coches;73
ESF;esf-276;ESF Montclar;Montclar;41
ESF;esf-455;ESF Montgenèvre;Montgenèvre;51
ESF;esf-460;ESF Montriond les Lindarets;Montriond les Lindarets;74
ESF;esf-449;ESF Les Monts d'Olmes;Les Monts d'Olmes;93
ESF;esf-465;ESF Morbier;Morbier;39
ESF;esf-467;ESF Morillon - Grand Massif;Morillon - Grand Massif;74
ESF;esf-470;ESF Morzine;Morzine;74
ESF;esf-473;ESF Le Mourtis;Le Mourtis;31
ESF;esf-475;ESF Névache;Névache;51
ESF;esf-476;ESF La Norma;La Norma;73
ESF;esf-479;ESF Notre Dame Bellecombe;Notre Dame Bellecombe;73
ESF;esf-482;ESF Orcières Merlette;Orcières Merlette;51
ESF;esf-483;ESF Orelle;Orelle;73
ESF;esf-485;ESF Les Orres;Les Orres;52
ESF;esf-523;ESF Oz 3300;Oz 3300;38
ESF;esf-491;ESF Passy Plaine Joux;Passy Plaine Joux;74
ESF;esf-494;ESF Peisey Vallandry;Peisey Vallandry;73
ESF;esf-497;ESF Les Petites Roches;Les Petites Roches;38
ESF;esf-500;ESF Peyresourde;Peyresourde;65
ESF;esf-503;ESF Piau Engaly;Piau Engaly;65
ESF;esf-149;ESF La Pierre Saint-Martin;La Pierre Saint-Martin;64
ESF;esf-509;ESF Plagne Bellecôte;Plagne Bellecôte;73
ESF;esf-506;ESF La Plagne-Centre;La Plagne-Centre;73
ESF;esf-514;ESF La Planche des Belles Filles;La Planche des Belles Filles;90
ESF;esf-515;ESF Les Plans d'Hotonnes;Les Plans d'Hotonnes;12
ESF;esf-530;ESF Porté Puymorens;Porté Puymorens;66
ESF;esf-521;ESF Pra Loup;Pra Loup;44
ESF;esf-518;ESF Pralognan la Vanoise;Pralognan la Vanoise;73
ESF;esf-524;ESF Praz de Lys;Praz de Lys;74
ESF;esf-527;ESF Praz sur Arly;Praz sur Arly;74
ESF;esf-683;ESF Puy Saint Vincent;Puy Saint Vincent;52
ESF;esf-533;ESF Pyrénées 2000;Pyrénées 2000;66
ESF;esf-534;ESF Réallon;Réallon;51
ESF;esf-536;ESF Le Reposoir;Le Reposoir;74
ESF;esf-539;ESF Le Revard;Le Revard;73
ESF;esf-542;ESF Risoul 1850;Risoul 1850;56
ESF;esf-548;ESF La Rosière;La Rosière;73
ESF;esf-551;ESF Rouge Gazon;Rouge Gazon;88
ESF;esf-554;ESF Les Rousses;Les Rousses;39
ESF;esf-361;ESF Saint Jean d'Aulps;Saint Jean d'Aulps;74
ESF;esf-596;ESF Les Saisies;Les Saisies;73
ESF;esf-599;ESF Samoëns - Sixt;Samoëns - Sixt;74
ESF;esf-602;ESF Le Sappey;Le Sappey;38
ESF;esf-605;ESF Le Sauze;Le Sauze;44
ESF;esf-617;ESF Sept Laux (DES);Sept Laux (DES);38
ESF;esf-620;ESF Serre Chevalier Chantemerle;Serre Chevalier Chantemerle;53
ESF;esf-437;ESF Serre Chevalier Monêtier;Serre Chevalier Monêtier;52
ESF;esf-623;ESF Serre Chevalier Villeneuve;Serre Chevalier Villeneuve;52
ESF;esf-210;ESF Serre Chevalier Briançon;Serre Chevalier Briançon;51
ESF;esf-632;ESF Sommand Mieussy;Sommand Mieussy;74
ESF;esf-563;ESF Saint Colomban des Villards;Saint Colomban des Villards;73
ESF;esf-566;ESF Saint Francois Longchamp;Saint Francois Longchamp;73
ESF;esf-569;ESF Saint Gervais les Bains;Saint Gervais les Bains;74
ESF;esf-572;ESF Saint Jean d'Arves;Saint Jean d'Arves;73
ESF;esf-575;ESF Saint Lary;Saint Lary;65
ESF;esf-578;ESF Saint Leger les Mélèzes;Saint Leger les Mélèzes;52
ESF;esf-323;ESF Saint Nicolas Flumet Val Arly;Saint Nicolas Flumet Val Arly;73
ESF;esf-581;ESF Saint Nicolas de Véroce;Saint Nicolas de Véroce;74
ESF;esf-218;ESF Saint Pierre Cambre d'Aze;Saint Pierre Cambre d'Aze;66
ESF;esf-590;ESF Saint Sorlin d'Arves;Saint Sorlin d'Arves;73
ESF;esf-560;ESF Sainte Anne la Condamine;Sainte Anne la Condamine;45
ESF;esf-595;ESF Sainte Foy Tarentaise;Sainte Foy Tarentaise;73
ESF;esf-641;ESF Super Besse;Super Besse;63
ESF;esf-651;ESF La Tania;La Tania;73
ESF;esf-652;ESF Tende Castérino;Tende Castérino;64
ESF;esf-653;ESF Termignon Val Cenis;Termignon Val Cenis;73
ESF;esf-656;ESF Thollon les Memises;Thollon les Memises;74
ESF;esf-660;ESF Tignes Val Claret;Tignes Val Claret;73
ESF;esf-659;ESF Tignes le Lac;Tignes le Lac;73
ESF;esf-662;ESF La Toussuire;La Toussuire;73
ESF;esf-668;ESF Val Cenis;Val Cenis;73
ESF;esf-677;ESF Val Louron;Val Louron;65
ESF;esf-689;ESF Val Thorens;Val Thorens;73
ESF;esf-160;ESF Val d'Azun;Val d'Azun;65
ESF;esf-671;ESF Val d'Isère;Val d'Isère;73
ESF;esf-543;ESF Val de Mouthe;Val de Mouthe;25
ESF;esf-665;ESF Valberg-Beuil;Valberg-Beuil;64
ESF;esf-431;ESF Valfréjus;Valfréjus;73
ESF;esf-674;ESF La Vallée Verte;La Vallée Verte;74
ESF;esf-474;ESF Vallée de Munster;Vallée de Munster;68
ESF;esf-680;ESF Valloire;Valloire;73
ESF;esf-681;ESF Vallorcine;Vallorcine;74
ESF;esf-684;ESF Valmeinier;Valmeinier;73
ESF;esf-686;ESF Valmorel;Valmorel;73
ESF;esf-692;ESF Vars;Vars;55
ESF;esf-696;ESF Vaujany;Vaujany;38
ESF;esf-698;ESF Ventron;Ventron;88
ESF;esf-702;ESF Villard Reculas;Villard Reculas;38
ESF;esf-701;ESF Villard de Lans;Villard de Lans;38
ESI;esi-alpe-d-huez;ESI Alpe d'Huez;Alpe d’Huez;38
ESI;esi-360-avoriaz;ESI 360 Avoriaz;Avoriaz;74
ESI;esi-ax-3-domaines;ESI Ax 3 Domaines;Ax 3 Domaines;09
ESI;esi-esprit-montagne-cauterets;ESI Esprit-Montagne Cauterets;Cauterets;65
ESI;esi-sensations-chamonix;ESI Sensations Chamonix;Chamonix;74
ESI;esi-generation-serre-chevalier;ESI Génération Serre-Chevalier;Chantemerle / Serre Chevalier;05
ESI;esi-glisses-nordiques-chapelle-des-bois;ESI Glisses Nordiques Chapelle des Bois;Chapelle-des-Bois;25
ESI;esi-proskiing-chatel;ESI ProSkiing Châtel;Châtel;74
ESI;esi-first-track-outdoors-courchevel;ESI First Track Outdoors Courchevel;Courchevel;73
ESI;esi-font-romeu;ESI Font-Romeu;Font-Romeu;66
ESI;esi-isola-2000;ESI Isola 2000;Isola 2000;06
ESI;esi-la-clusaz;ESI La Clusaz;La Clusaz;74
ESI;esi-la-faucille;ESI La Faucille;La Faucille / Mijoux / La Vattay;01
ESI;esi-grand-tourmalet-la-mongie;ESI Grand Tourmalet / La Mongie;La Mongie / Barèges;65
ESI;esi-la-toussuire-les-sybelles;ESI La Toussuire Les Sybelles;La Toussuire / Les Sybelles;73
ESI;esi-monetier-serre-chevalier;ESI Monêtier Serre-Chevalier;Le Monêtier-les-Bains;05
ESI;esi-top-nordic-le-grand-revard;ESI Top Nordic Le Grand Revard;Le Revard;73
ESI;esi-le-sauze-super-sauze;ESI Le Sauze / Super-Sauze;Le Sauze / Super-Sauze;04
ESI;esi-st-christophe-les-2-alpes;ESI St Christophe Les 2 Alpes;Les 2 Alpes;38
ESI;esi-european-ski-school-les-2-alpes;ESI European Ski School Les 2 Alpes;Les 2 Alpes;38
ESI;esi-7-laux;ESI 7 Laux;Les 7 Laux;38
ESI;esi-ski-n-co-les-angles;ESI Ski N'Co Les Angles;Les Angles;66
ESI;esi-grand-massif-les-carroz-flaine;ESI Grand Massif Les Carroz Flaine;Les Carroz / Flaine;74
ESI;esi-snow-session-les-contamines;ESI Snow Session Les Contamines;Les Contamines-Montjoie;74
ESI;esi-360-les-gets;ESI 360 Les Gets;Les Gets;74
ESI;esi-ozone-les-orres;ESI Ozone Les Orres;Les Orres;05
ESI;esi-la-boite-a-montagne-les-rousses;ESI La Boîte à Montagne Les Rousses;Les Rousses;39
ESI;esi-glisse-passion-les-saisies;ESI Glisse Passion Les Saisies;Les Saisies;73
ESI;esi-apeak-montgenevre;ESI Apeak Montgenèvre;Montgenèvre;05
ESI;esi-morzine;ESI Morzine;Morzine;74
ESI;esi-bass-morzine;ESI BASS Morzine;Morzine;74
ESI;esi-metabief;ESI Métabief;Métabief;25
ESI;esi-orcieres;ESI Orcières;Orcières 1850;05
ESI;esi-nordique-les-glieres;ESI Nordique Les Glières;Plateau des Glières;74
ESI;esi-pra-loup;ESI Pra Loup;Pra Loup;04
ESI;esi-praz-de-lys;ESI Praz de Lys;Praz de Lys Sommand;74
ESI;esi-puy-st-vincent;ESI Puy St-Vincent;Puy Saint Vincent;05
ESI;esi-st-francois-de-sales;ESI St François de Sales;Saint-François-de-Sales;73
ESI;esi-saint-lary-soulan;ESI Saint Lary Soulan;Saint-Lary-Soulan;65
ESI;esi-snocool-sainte-foy-tarentaise;ESI SnoCool Sainte-Foy-Tarentaise;Sainte-Foy-Tarentaise;73
ESI;esi-zigzag-samoens;ESI ZigZag Samoëns;Samoëns;74
ESI;esi-360-samoens;ESI 360 Samoëns;Samoëns;74
ESI;esi-buissonniere-serre-chevalier;ESI Buissonnière Serre-Chevalier;Serre Chevalier 1400;05
ESI;esi-glisse-emotion-super-besse;ESI Glisse Émotion Super-Besse;Super-Besse;63
ESI;esi-333-ski-school-tignes;ESI 333 Ski School Tignes;Tignes;73
ESI;esi-val-cenis;ESI Val Cenis;Val Cenis;73
ESI;esi-valfrejus;ESI Valfréjus;Valfréjus;73
ESI;esi-valloire;ESI Valloire;Valloire;73
ESI;esi-vars;ESI Vars;Vars;05
Evolution 2;evolution-2-annecy;Evolution 2 Annecy;Annecy;
Evolution 2;evolution-2-avoriaz;Evolution 2 Avoriaz;Avoriaz;74
Evolution 2;evolution-2-bourg-saint-maurice;Evolution 2 Bourg Saint Maurice;Bourg Saint Maurice;
Evolution 2;evolution-2-brides-les-bains-3-vallees;Evolution 2 Brides les Bains (3 Vallées);Brides les Bains (3 Vallées);
Evolution 2;evolution-2-chamonix;Evolution 2 Chamonix;Chamonix;74
Evolution 2;evolution-2-la-clusaz;Evolution 2 La Clusaz;La Clusaz;74
Evolution 2;evolution-2-la-plagne-altitude;Evolution 2 La Plagne Altitude;La Plagne Altitude;
Evolution 2;evolution-2-la-rosiere;Evolution 2 La Rosière;La Rosière;73
Evolution 2;evolution-2-les-arcs-1800;Evolution 2 Les Arcs 1800;Les Arcs 1800;
Evolution 2;evolution-2-les-arcs-1950;Evolution 2 Les Arcs 1950;Les Arcs 1950;73
Evolution 2;evolution-2-les-arcs-2000;Evolution 2 Les Arcs 2000;Les Arcs 2000;73
Evolution 2;evolution-2-les-gets;Evolution 2 Les Gets;Les Gets;
Evolution 2;evolution-2-megeve;Evolution 2 Megève;Megève;74
Evolution 2;evolution-2-montchavin-les-coches;Evolution 2 Montchavin-Les Coches;Montchavin-Les Coches;73
Evolution 2;evolution-2-morzine;Evolution 2 Morzine;Morzine;74
Evolution 2;evolution-2-peisey-vallandry;Evolution 2 Peisey-Vallandry;Peisey-Vallandry;73
Evolution 2;evolution-2-saint-gervais;Evolution 2 Saint Gervais;Saint Gervais;
Evolution 2;evolution-2-saint-lary;Evolution 2 Saint Lary;Saint Lary;
Evolution 2;evolution-2-sainte-foy;Evolution 2 Sainte-Foy;Sainte-Foy-Tarentaise;73
Evolution 2;evolution-2-super-besse;Evolution 2 Super Besse;Super Besse;
Evolution 2;evolution-2-tignes;Evolution 2 Tignes;Tignes;73
Evolution 2;evolution-2-val-cenis;Evolution 2 Val Cenis;Val Cenis;
Evolution 2;evolution-2-val-thorens;Evolution 2 Val Thorens;Val Thorens;73
Evolution 2;evolution-2-val-d-isere;Evolution 2 Val d'Isère;Val d'Isère;73
Prosneige;prosneige-chamonix-les-houches;Prosneige Chamonix Les Houches;Chamonix Les Houches;
Prosneige;prosneige-courchevel;Prosneige Courchevel;Courchevel;73
Prosneige;prosneige-la-tania;Prosneige La Tania;La Tania;73
Prosneige;prosneige-les-menuires;Prosneige Les Menuires;Les Menuires;73
Prosneige;prosneige-meribel;Prosneige Méribel;Méribel;73
Prosneige;prosneige-saint-martin-de-belleville;Prosneige Saint Martin de Belleville;Saint Martin de Belleville;
Prosneige;prosneige-tignes;Prosneige Tignes;Tignes;73
Prosneige;prosneige-val-thorens;Prosneige Val Thorens;Val Thorens;73
Prosneige;prosneige-val-d-isere;Prosneige Val d'Isère;Val d'Isère;
Oxygène;oxygene-belle-plagne;Oxygène Belle Plagne;Belle Plagne;73
Oxygène;oxygene-chamonix;Oxygène Chamonix;Chamonix;
Oxygène;oxygene-courchevel;Oxygène Courchevel;Courchevel;73
Oxygène;oxygene-la-plagne;Oxygène La Plagne;La Plagne;73
Oxygène;oxygene-la-rosiere;Oxygène La Rosière;La Rosière;73
Oxygène;oxygene-la-tania;Oxygène La Tania;La Tania;73
Oxygène;oxygene-le-grand-bornand;Oxygène Le Grand-Bornand;Le Grand-Bornand;
Oxygène;oxygene-les-menuires;Oxygène Les Menuires;Les Menuires;73
Oxygène;oxygene-megeve;Oxygène Megève;Megève;
Oxygène;oxygene-meribel;Oxygène Méribel;Méribel;73
Oxygène;oxygene-saint-martin-de-belleville;Oxygène Saint Martin de Belleville;Saint Martin de Belleville;
Oxygène;oxygene-serre-chevalier;Oxygène Serre Chevalier;Serre Chevalier;
Oxygène;oxygene-tignes;Oxygène Tignes;Tignes;
Oxygène;oxygene-ubaye;Oxygène Ubaye;Ubaye;
Oxygène;oxygene-val-thorens;Oxygène Val Thorens;Val Thorens;
Oxygène;oxygene-val-d-isere;Oxygène Val d'Isère;Val d'Isère;73
Autre;autre-snowtailors;Snowtailors;3 Vallées / Val Thorens;73
Autre;autre-easyski;EasySki;Alpe d'Huez;38
Autre;autre-aloha-ski-school;Aloha Ski School;Chamonix;74
Autre;autre-chamonix-sport-aventure;Chamonix Sport Aventure;Chamonix;74
Autre;autre-skibex;SkiBex;Chamonix / Les Houches / Megève / Argentière;74
Autre;autre-chatel-sensations;Châtel Sensations;Châtel;74
Autre;autre-ski-academy;Ski Academy;Châtel;74
Autre;autre-alternative-snow-experience;Alternative Snow Expérience;Châtel;74
Autre;autre-ski-summit;Ski Summit;Châtel;74
Autre;autre-snowride;Snowride;Châtel;74
Autre;autre-torr-snowboarding;TORR Snowboarding;Châtel;74
Autre;autre-expert-snowboard-isola-2000;Expert Snowboard Isola 2000;Isola 2000;06
Autre;autre-ecole-de-snowboard-isola-2000;École de Snowboard Isola 2000;Isola 2000;06
Autre;autre-ski-aventure-06;Ski Aventure 06;Isola 2000;06
Autre;autre-ski-cool;Ski Cool;Val Thorens;73
